{"cameraMode":{"drawMode":0,"name":"Shaded","section":"Shading Mode"},"sceneLighting":true,"audioPlay":false,"sceneViewState":{"m_AlwaysRefresh":false,"showFog":true,"showSkybox":true,"showFlares":true,"showImageEffects":true,"showParticleSystems":true,"showVisualEffectGraphs":true,"m_FxEnabled":true},"in2DMode":false,"pivot":{"x":1.434558391571045,"y":-0.39403533935546877,"z":-0.22936439514160157},"rotation":{"x":-0.009818103164434433,"y":0.8317580223083496,"z":-0.5548743605613709,"w":-0.014724908396601677},"size":14.255952835083008,"orthographic":false}